{"r2": 0.06264033312208095, "mse": 0.7427396083636654, "mae": 0.6786535176898731}