{"r2": 0.11334350281794503, "mse": 0.7025637252598672, "mae": 0.657857858331762}